<?xml version="1.0" encoding="UTF-8" ?>
<odoo>
    <data>
         <record id="hr_salary_rule_overtime" model="hr.salary.rule">
            <field name="code">ALLOWANCES</field>
            <field name="amount_select">code</field>
            <field name="amount_python_compute">result=(contract.get_all_allowances())
            </field>
            <field name="category_id" ref="hr_payroll.ALW"/>
            <field name="name">Allowances</field>
            <field name="sequence" eval="51"/>
            <field name="note">Get all overtime granted to employee</field>
        </record>
    <!--<record id="hr_salary_rule_vivienda" model="hr.salary.rule">
            <field name="code">ALLOWANCES</field>
            <field name="amount_select">code</field>
            <field name="amount_python_compute">result=(contract.get_all_allowances())
            </field>
            <field name="category_id" ref="hr_payroll.OTRAS_REM"/>
            <field name="name">Allowances</field>
            <field name="sequence" eval="51"/>
            <field name="note">Get all overtime granted to employee</field>
        </record>-->
    </data>
</odoo>