id,name,model_id:id,group_id:id,perm_read,perm_write,perm_create,perm_unlink
access_hr_allowance_user,hr.allowance.user,model_hr_allowance,base.group_user,1,0,0,0
access_hr_allowance_officer,hr.allowance.officer,model_hr_allowance,hr.group_hr_user,1,1,1,1
access_hr_contract_allowance_line_user,hr.contract.allowance.line.user,model_hr_contract_allowance_line,base.group_user,1,0,0,0
access_hr_contract_allowance_line_officer,hr.contract.allowance.line.officer,model_hr_contract_allowance_line,hr.group_hr_user,1,1,1,1
